index,dataset,method
110,lcc_e,streaming
119,repobench-p_e,streaming
265,repobench-p_e,kivi
77,lcc_e,streaming
181,lcc_e,streaming
169,repobench-p_e,streaming
10,lcc_e,streaming
284,lcc_e,streaming
78,lcc_e,streaming
55,lcc_e,kivi
49,repobench-p_e,kivi
288,repobench-p_e,streaming
109,lcc_e,kivi
118,lcc_e,kivi
234,lcc_e,streaming
69,repobench-p_e,kivi
30,lcc_e,streaming
212,lcc_e,kivi
86,lcc_e,kivi
184,lcc_e,streaming
287,repobench-p_e,streaming
2,lcc_e,kivi
296,repobench-p_e,streaming
235,repobench-p_e,streaming
68,repobench-p_e,streaming
239,repobench-p_e,kivi
72,lcc_e,streaming
135,lcc_e,streaming
256,repobench-p_e,streaming
137,repobench-p_e,kivi
257,lcc_e,kivi
163,lcc_e,kivi
295,repobench-p_e,streaming
82,lcc_e,kivi
192,lcc_e,streaming
153,repobench-p_e,streaming
132,lcc_e,kivi
215,repobench-p_e,streaming
141,repobench-p_e,kivi
64,repobench-p_e,kivi
275,lcc_e,kivi
206,repobench-p_e,kivi
24,lcc_e,kivi
270,repobench-p_e,streaming
29,lcc_e,kivi
182,lcc_e,kivi
173,repobench-p_e,streaming
104,lcc_e,streaming
63,lcc_e,kivi
245,lcc_e,streaming
190,repobench-p_e,streaming
248,lcc_e,kivi
101,lcc_e,streaming
56,repobench-p_e,kivi
291,repobench-p_e,streaming
255,repobench-p_e,streaming
209,lcc_e,kivi
165,lcc_e,streaming
29,repobench-p_e,streaming
137,lcc_e,kivi
176,lcc_e,streaming
76,lcc_e,kivi
195,lcc_e,kivi
236,repobench-p_e,kivi
248,repobench-p_e,kivi
261,repobench-p_e,streaming
289,repobench-p_e,streaming
81,lcc_e,kivi
70,lcc_e,kivi
16,repobench-p_e,kivi
4,repobench-p_e,kivi
129,repobench-p_e,kivi
123,repobench-p_e,kivi
74,repobench-p_e,streaming
6,lcc_e,streaming
237,repobench-p_e,kivi
238,lcc_e,kivi
12,repobench-p_e,streaming
259,repobench-p_e,streaming
132,repobench-p_e,streaming
286,lcc_e,streaming
126,repobench-p_e,streaming
298,repobench-p_e,kivi
61,repobench-p_e,streaming
73,lcc_e,kivi
155,lcc_e,streaming
39,lcc_e,streaming
218,lcc_e,kivi
70,repobench-p_e,kivi
210,lcc_e,kivi
235,lcc_e,streaming
246,repobench-p_e,kivi
259,lcc_e,kivi
60,lcc_e,streaming
0,repobench-p_e,kivi
280,lcc_e,streaming
228,lcc_e,streaming
11,lcc_e,kivi
112,repobench-p_e,kivi
208,lcc_e,kivi
90,lcc_e,kivi
83,lcc_e,kivi
238,repobench-p_e,kivi
35,repobench-p_e,kivi
79,lcc_e,kivi
134,repobench-p_e,kivi
140,lcc_e,kivi
281,lcc_e,streaming
199,lcc_e,kivi
268,lcc_e,streaming
114,repobench-p_e,kivi
275,repobench-p_e,kivi
164,repobench-p_e,kivi
284,repobench-p_e,kivi
71,repobench-p_e,kivi
40,repobench-p_e,kivi
99,repobench-p_e,streaming
148,lcc_e,kivi
194,repobench-p_e,kivi
139,repobench-p_e,kivi
145,lcc_e,streaming
223,repobench-p_e,kivi
75,repobench-p_e,streaming
9,lcc_e,kivi
188,lcc_e,kivi
131,lcc_e,kivi
272,repobench-p_e,streaming
298,lcc_e,streaming
146,repobench-p_e,streaming
286,repobench-p_e,kivi
84,lcc_e,kivi
292,repobench-p_e,streaming
177,lcc_e,kivi
153,lcc_e,kivi
152,repobench-p_e,streaming
92,lcc_e,kivi
196,lcc_e,streaming
75,lcc_e,streaming
296,lcc_e,streaming
68,lcc_e,kivi
15,lcc_e,kivi
204,lcc_e,kivi
158,lcc_e,kivi
88,lcc_e,kivi
197,repobench-p_e,streaming
117,lcc_e,streaming
82,repobench-p_e,kivi
105,repobench-p_e,streaming
33,lcc_e,kivi
0,lcc_e,kivi
293,repobench-p_e,streaming
53,repobench-p_e,streaming
231,repobench-p_e,streaming
32,repobench-p_e,streaming
234,repobench-p_e,streaming
244,lcc_e,streaming
140,repobench-p_e,kivi
22,lcc_e,kivi
116,lcc_e,streaming
65,repobench-p_e,kivi
89,lcc_e,streaming
211,lcc_e,kivi
107,repobench-p_e,streaming
18,lcc_e,kivi
20,repobench-p_e,kivi
289,lcc_e,streaming
274,lcc_e,streaming
144,lcc_e,streaming
241,repobench-p_e,streaming
60,repobench-p_e,kivi
250,lcc_e,streaming
287,lcc_e,streaming
228,repobench-p_e,streaming
100,repobench-p_e,kivi
167,lcc_e,kivi
54,lcc_e,kivi
193,repobench-p_e,streaming
46,lcc_e,kivi
93,lcc_e,kivi
108,lcc_e,kivi
264,lcc_e,streaming
272,lcc_e,streaming
299,repobench-p_e,streaming
179,repobench-p_e,kivi
136,repobench-p_e,streaming
83,repobench-p_e,streaming
80,repobench-p_e,kivi
162,repobench-p_e,kivi
94,repobench-p_e,streaming
265,lcc_e,kivi
180,repobench-p_e,streaming
217,repobench-p_e,kivi
172,repobench-p_e,streaming
278,lcc_e,streaming
231,lcc_e,kivi
69,lcc_e,kivi
103,repobench-p_e,streaming
50,repobench-p_e,streaming
209,repobench-p_e,streaming
149,lcc_e,streaming
124,lcc_e,kivi
128,repobench-p_e,streaming
165,repobench-p_e,kivi
185,lcc_e,kivi
227,lcc_e,kivi
291,lcc_e,kivi
247,lcc_e,streaming
290,lcc_e,streaming
249,lcc_e,streaming
143,repobench-p_e,kivi
251,repobench-p_e,kivi
252,repobench-p_e,kivi
250,repobench-p_e,kivi
114,lcc_e,kivi
203,lcc_e,kivi
141,lcc_e,kivi
38,repobench-p_e,kivi
7,lcc_e,streaming
221,repobench-p_e,streaming
19,lcc_e,kivi
172,lcc_e,kivi
151,repobench-p_e,streaming
56,lcc_e,streaming
1,repobench-p_e,kivi
36,repobench-p_e,kivi
22,repobench-p_e,streaming
150,repobench-p_e,streaming
10,repobench-p_e,kivi
44,repobench-p_e,streaming
49,lcc_e,kivi
25,lcc_e,streaming
142,repobench-p_e,kivi
220,lcc_e,kivi
183,repobench-p_e,streaming
240,repobench-p_e,kivi
42,lcc_e,kivi
261,lcc_e,kivi
116,repobench-p_e,kivi
108,repobench-p_e,streaming
277,lcc_e,streaming
269,repobench-p_e,streaming
81,repobench-p_e,kivi
111,repobench-p_e,streaming
154,lcc_e,streaming
126,lcc_e,streaming
9,repobench-p_e,streaming
219,repobench-p_e,kivi
145,repobench-p_e,kivi
174,lcc_e,streaming
31,lcc_e,streaming
113,lcc_e,kivi
257,repobench-p_e,kivi
23,lcc_e,kivi
173,lcc_e,streaming
66,lcc_e,streaming
57,lcc_e,streaming
222,lcc_e,streaming
21,repobench-p_e,kivi
17,lcc_e,streaming
299,lcc_e,kivi
5,repobench-p_e,kivi
255,lcc_e,streaming
273,repobench-p_e,kivi
190,lcc_e,kivi
18,repobench-p_e,streaming
227,repobench-p_e,streaming
271,lcc_e,streaming
180,lcc_e,kivi
94,lcc_e,streaming
31,repobench-p_e,kivi
28,repobench-p_e,streaming
11,repobench-p_e,kivi
5,lcc_e,kivi
98,repobench-p_e,streaming
45,lcc_e,kivi
276,repobench-p_e,kivi
168,repobench-p_e,streaming
16,lcc_e,streaming
279,repobench-p_e,streaming
48,lcc_e,streaming
187,repobench-p_e,streaming
62,repobench-p_e,kivi
138,repobench-p_e,kivi
3,lcc_e,streaming
186,repobench-p_e,streaming
133,repobench-p_e,streaming
2,repobench-p_e,streaming
225,lcc_e,kivi
26,lcc_e,streaming
124,repobench-p_e,kivi
263,lcc_e,streaming
229,lcc_e,streaming
50,lcc_e,kivi
214,repobench-p_e,streaming
37,lcc_e,streaming
175,lcc_e,kivi
237,lcc_e,kivi
274,repobench-p_e,streaming
157,lcc_e,kivi
57,repobench-p_e,kivi
